"host","phytophthora","p_h_db_id","L4.name","L4.code","L3.name","L3.code","L2.name","L2.code","L1.name","L1.code","year","cit_year","genbank_created_year","substrate","premises_type","habitat","trade_widerEnvironment","nursery","forest","agriculture","gardenamenity","point_of_entry","watercourse","other_wider_env","water_related","recording_effort","sampling_procedure","isolation_procedure","disease_symptoms","id_method","country_original","stateProvince","site_name","latitude","longitude","precision","source.x","folder","contact","authorship","reference","sample_assec_id","fungushostcounter","prev_dataset","prev_ds_id","prev_dataset_folder","dubious","dubious_reason","uk_nation","uk","std_name_p","std_name_long","std_name_h","std_simple_name","specific","species","genus","family","order","class","phylum","kingdom","source.y","hybrid_formula","priority","source"
"acer","phytophthora infestans",35871,NA,NA,NA,NA,NA,NA,NA,NA,NA,"1996",NA,NA,NA,NA,NA,NA,NA,NA,NA,NA,NA,NA,NA,NA,NA,NA,NA,NA,"USSR",NA,NA,NA,NA,NA,NA,NA,NA,NA,"Erwin, D.C., and Ribeiro, O.K.. 1996. %Phytophthora% Diseases Worldwide. APS Press, St. Paul, Minnesota :562",NA,"778621","usda",10155,"https://cehacuk-my.sharepoint.com/:x:/r/personal/loubar_ceh_ac_uk/Documents/newLEAF/host_pest/newLEAF_host_Phytophthora/PhytophthoraUSDA_191121.csv",0,NA,NA,NA,"P. infestans","acer","acer","acer",NA,NA,"acer","sapindaceae","sapindales","magnoliopsida","tracheophyta","plantae","kew",NA,FALSE,NA
"boehmeria cylindrica","phytophthora cactorum",39578,NA,NA,NA,NA,NA,NA,NA,NA,NA,NA,NA,NA,NA,NA,NA,NA,NA,NA,NA,NA,NA,NA,NA,NA,NA,NA,NA,NA,"Russia",NA,NA,NA,NA,NA,NA,NA,NA,NA,NA,NA,"899676","usda",13862,"https://cehacuk-my.sharepoint.com/:x:/r/personal/loubar_ceh_ac_uk/Documents/newLEAF/host_pest/newLEAF_host_Phytophthora/PhytophthoraUSDA_191121.csv",0,NA,NA,NA,"P. cactorum","boehmeria cylindrica","boehmeria cylindrica","boehmeria cylindrica","cylindrica","boehmeria cylindrica","boehmeria","urticaceae","rosales","magnoliopsida","tracheophyta","plantae","kew",NA,FALSE,NA
"boehmeria nivea","phytophthora cactorum",31890,NA,NA,NA,NA,NA,NA,NA,NA,NA,NA,NA,NA,NA,NA,NA,NA,NA,NA,NA,NA,NA,NA,NA,NA,NA,NA,NA,NA,"Russia",NA,NA,NA,NA,NA,NA,NA,NA,NA,NA,NA,"169139","usda",6174,"https://cehacuk-my.sharepoint.com/:x:/r/personal/loubar_ceh_ac_uk/Documents/newLEAF/host_pest/newLEAF_host_Phytophthora/PhytophthoraUSDA_191121.csv",0,NA,NA,NA,"P. cactorum","boehmeria nivea","boehmeria nivea","boehmeria nivea","nivea","boehmeria nivea","boehmeria","urticaceae","rosales","magnoliopsida","tracheophyta","plantae","kew",NA,FALSE,NA
"boehmeria nivea","phytophthora cactorum",31889,NA,NA,NA,NA,NA,NA,NA,NA,NA,NA,NA,NA,NA,NA,NA,NA,NA,NA,NA,NA,NA,NA,NA,NA,NA,NA,NA,NA,"Russia",NA,NA,NA,NA,NA,NA,NA,NA,NA,NA,NA,"169139","usda",6173,"https://cehacuk-my.sharepoint.com/:x:/r/personal/loubar_ceh_ac_uk/Documents/newLEAF/host_pest/newLEAF_host_Phytophthora/PhytophthoraUSDA_191121.csv",0,NA,NA,NA,"P. cactorum","boehmeria nivea","boehmeria nivea","boehmeria nivea","nivea","boehmeria nivea","boehmeria","urticaceae","rosales","magnoliopsida","tracheophyta","plantae","kew",NA,FALSE,NA
"boehmeria nivea","phytophthora boehmeriae",31917,NA,NA,NA,NA,NA,NA,NA,NA,NA,NA,NA,NA,NA,NA,NA,NA,NA,NA,NA,NA,NA,NA,NA,NA,NA,NA,NA,NA,"Russia",NA,NA,NA,NA,NA,NA,NA,NA,NA,NA,NA,"169206","usda",6201,"https://cehacuk-my.sharepoint.com/:x:/r/personal/loubar_ceh_ac_uk/Documents/newLEAF/host_pest/newLEAF_host_Phytophthora/PhytophthoraUSDA_191121.csv",0,NA,NA,NA,"P. boehmeriae","boehmeria nivea","boehmeria nivea","boehmeria nivea","nivea","boehmeria nivea","boehmeria","urticaceae","rosales","magnoliopsida","tracheophyta","plantae","kew",NA,FALSE,NA
"boehmeria nivea","phytophthora boehmeriae",31918,NA,NA,NA,NA,NA,NA,NA,NA,NA,NA,NA,NA,NA,NA,NA,NA,NA,NA,NA,NA,NA,NA,NA,NA,NA,NA,NA,NA,"Russia",NA,NA,NA,NA,NA,NA,NA,NA,NA,NA,NA,"169206","usda",6202,"https://cehacuk-my.sharepoint.com/:x:/r/personal/loubar_ceh_ac_uk/Documents/newLEAF/host_pest/newLEAF_host_Phytophthora/PhytophthoraUSDA_191121.csv",0,NA,NA,NA,"P. boehmeriae","boehmeria nivea","boehmeria nivea","boehmeria nivea","nivea","boehmeria nivea","boehmeria","urticaceae","rosales","magnoliopsida","tracheophyta","plantae","kew",NA,FALSE,NA
"cedrus deodara","phytophthora cactorum",35144,NA,NA,NA,NA,NA,NA,NA,NA,NA,"1996",NA,NA,NA,NA,NA,NA,NA,NA,NA,NA,NA,NA,NA,NA,NA,NA,NA,NA,"USSR",NA,NA,NA,NA,NA,NA,NA,NA,NA,"Erwin, D.C., and Ribeiro, O.K.. 1996. %Phytophthora% Diseases Worldwide. APS Press, St. Paul, Minnesota :562",NA,"778145","usda",9428,"https://cehacuk-my.sharepoint.com/:x:/r/personal/loubar_ceh_ac_uk/Documents/newLEAF/host_pest/newLEAF_host_Phytophthora/PhytophthoraUSDA_191121.csv",0,NA,NA,NA,"P. cactorum","cedrus deodara","cedrus deodara","cedrus deodara","deodara","cedrus deodara","cedrus","pinaceae","pinales","pinopsida","tracheophyta","plantae","kew",NA,FALSE,NA
"chrysanthemum cinerariifolium","phytophthora cinnamomi",36949,NA,NA,NA,NA,NA,NA,NA,NA,NA,"1996",NA,NA,NA,NA,NA,NA,NA,NA,NA,NA,NA,NA,NA,NA,NA,NA,NA,NA,"Russia",NA,NA,NA,NA,NA,NA,NA,NA,NA,"Erwin, D.C., and Ribeiro, O.K.. 1996. %Phytophthora% Diseases Worldwide. APS Press, St. Paul, Minnesota :562",NA,"779311","usda",11233,"https://cehacuk-my.sharepoint.com/:x:/r/personal/loubar_ceh_ac_uk/Documents/newLEAF/host_pest/newLEAF_host_Phytophthora/PhytophthoraUSDA_191121.csv",0,NA,NA,NA,"P. cinnamomi","tanacetum cinerariifolium","tanacetum cinerariifolium","tanacetum cinerariifolium","cinerariifolium","tanacetum cinerariifolium","tanacetum","asteraceae","asterales","magnoliopsida","tracheophyta","plantae","kew",NA,FALSE,NA
"fragaria × ananassa","phytophthora fragariae var. fragariae",34907,NA,NA,NA,NA,NA,NA,NA,NA,NA,"1996",NA,NA,NA,NA,NA,NA,NA,NA,NA,NA,NA,NA,NA,NA,NA,NA,NA,NA,"Russia",NA,NA,NA,NA,NA,NA,NA,NA,NA,"Erwin, D.C., and Ribeiro, O.K.. 1996. %Phytophthora% Diseases Worldwide. APS Press, St. Paul, Minnesota :562",NA,"766665","usda",9191,"https://cehacuk-my.sharepoint.com/:x:/r/personal/loubar_ceh_ac_uk/Documents/newLEAF/host_pest/newLEAF_host_Phytophthora/PhytophthoraUSDA_191121.csv",0,NA,NA,NA,"P. fragariae","fragaria × ananassa","fragaria × ananassa","fragaria ananassa","ananassa","fragaria × ananassa","fragaria","rosaceae","rosales","magnoliopsida","tracheophyta","plantae","kew","f. chiloensis × f. virginiana",FALSE,NA
"gerbera","phytophthora cryptogea",33674,NA,NA,NA,NA,NA,NA,NA,NA,NA,"1996",NA,NA,NA,NA,NA,NA,NA,NA,NA,NA,NA,NA,NA,NA,NA,NA,NA,NA,"USSR",NA,NA,NA,NA,NA,NA,NA,NA,NA,"Erwin, D.C., and Ribeiro, O.K.. 1996. %Phytophthora% Diseases Worldwide. APS Press, St. Paul, Minnesota :562",NA,"263232","usda",7958,"https://cehacuk-my.sharepoint.com/:x:/r/personal/loubar_ceh_ac_uk/Documents/newLEAF/host_pest/newLEAF_host_Phytophthora/PhytophthoraUSDA_191121.csv",0,NA,NA,NA,"P. cryptogea","gerbera","gerbera","gerbera",NA,NA,"gerbera","asteraceae","asterales","magnoliopsida","tracheophyta","plantae","kew",NA,FALSE,NA
"hevea brasiliensis","phytophthora cactorum",33038,NA,NA,NA,NA,NA,NA,NA,NA,NA,"1996",NA,NA,NA,NA,NA,NA,NA,NA,NA,NA,NA,NA,NA,NA,NA,NA,NA,NA,"USSR",NA,NA,NA,NA,NA,NA,NA,NA,NA,"Erwin, D.C., and Ribeiro, O.K.. 1996. %Phytophthora% Diseases Worldwide. APS Press, St. Paul, Minnesota :562",NA,"224378","usda",7322,"https://cehacuk-my.sharepoint.com/:x:/r/personal/loubar_ceh_ac_uk/Documents/newLEAF/host_pest/newLEAF_host_Phytophthora/PhytophthoraUSDA_191121.csv",0,NA,NA,NA,"P. cactorum","hevea brasiliensis","hevea brasiliensis","hevea brasiliensis","brasiliensis","hevea brasiliensis","hevea","euphorbiaceae","malpighiales","magnoliopsida","tracheophyta","plantae","kew",NA,FALSE,NA
"lilium regale","phytophthora cactorum",29790,NA,NA,NA,NA,NA,NA,NA,NA,NA,NA,NA,"Stem rot.",NA,NA,NA,NA,NA,NA,NA,NA,NA,NA,NA,NA,NA,NA,NA,NA,"Russia",NA,NA,NA,NA,NA,NA,NA,NA,NA,NA,NA,"68798","usda",4074,"https://cehacuk-my.sharepoint.com/:x:/r/personal/loubar_ceh_ac_uk/Documents/newLEAF/host_pest/newLEAF_host_Phytophthora/PhytophthoraUSDA_191121.csv",0,NA,NA,NA,"P. cactorum","lilium regale","lilium regale","lilium regale","regale","lilium regale","lilium","liliaceae","liliales","liliopsida","tracheophyta","plantae","kew",NA,FALSE,NA
"lycopersicon esculentum","phytophthora capsici",27276,NA,NA,NA,NA,NA,NA,NA,NA,NA,"1996",NA,NA,NA,NA,NA,NA,NA,NA,NA,NA,NA,NA,NA,NA,NA,NA,NA,NA,"USSR",NA,NA,NA,NA,NA,NA,NA,NA,NA,"Erwin, D.C., and Ribeiro, O.K.. 1996. %Phytophthora% Diseases Worldwide. APS Press, St. Paul, Minnesota :562",NA,"25651","usda",1560,"https://cehacuk-my.sharepoint.com/:x:/r/personal/loubar_ceh_ac_uk/Documents/newLEAF/host_pest/newLEAF_host_Phytophthora/PhytophthoraUSDA_191121.csv",0,NA,NA,NA,"P. capsici","solanum lycopersicum","solanum lycopersicum","solanum lycopersicum","lycopersicum","solanum lycopersicum","solanum","solanaceae","solanales","magnoliopsida","tracheophyta","plantae","kew",NA,FALSE,NA
"lycopersicon esculentum","phytophthora infestans",27176,NA,NA,NA,NA,NA,NA,NA,NA,NA,"1996",NA,NA,NA,NA,NA,NA,NA,NA,NA,NA,NA,NA,NA,NA,NA,NA,NA,NA,"Russia",NA,NA,NA,NA,NA,NA,NA,NA,NA,"Erwin, D.C., and Ribeiro, O.K.. 1996. %Phytophthora% Diseases Worldwide. APS Press, St. Paul, Minnesota :562",NA,"24945","usda",1460,"https://cehacuk-my.sharepoint.com/:x:/r/personal/loubar_ceh_ac_uk/Documents/newLEAF/host_pest/newLEAF_host_Phytophthora/PhytophthoraUSDA_191121.csv",0,NA,NA,NA,"P. infestans","solanum lycopersicum","solanum lycopersicum","solanum lycopersicum","lycopersicum","solanum lycopersicum","solanum","solanaceae","solanales","magnoliopsida","tracheophyta","plantae","kew",NA,FALSE,NA
"nicotiana","phytophthora cinnamomi",37002,NA,NA,NA,NA,NA,NA,NA,NA,NA,"1996",NA,NA,NA,NA,NA,NA,NA,NA,NA,NA,NA,NA,NA,NA,NA,NA,NA,NA,"Russia",NA,NA,NA,NA,NA,NA,NA,NA,NA,"Erwin, D.C., and Ribeiro, O.K.. 1996. %Phytophthora% Diseases Worldwide. APS Press, St. Paul, Minnesota :562",NA,"779351","usda",11286,"https://cehacuk-my.sharepoint.com/:x:/r/personal/loubar_ceh_ac_uk/Documents/newLEAF/host_pest/newLEAF_host_Phytophthora/PhytophthoraUSDA_191121.csv",0,NA,NA,NA,"P. cinnamomi","nicotiana","nicotiana","nicotiana",NA,NA,"nicotiana","solanaceae","solanales","magnoliopsida","tracheophyta","plantae","kew",NA,FALSE,NA
"panax","phytophthora cactorum",35257,NA,NA,NA,NA,NA,NA,NA,NA,NA,"1996",NA,NA,NA,NA,NA,NA,NA,NA,NA,NA,NA,NA,NA,NA,NA,NA,NA,NA,"USSR",NA,NA,NA,NA,NA,NA,NA,NA,NA,"Erwin, D.C., and Ribeiro, O.K.. 1996. %Phytophthora% Diseases Worldwide. APS Press, St. Paul, Minnesota :562",NA,"778214","usda",9541,"https://cehacuk-my.sharepoint.com/:x:/r/personal/loubar_ceh_ac_uk/Documents/newLEAF/host_pest/newLEAF_host_Phytophthora/PhytophthoraUSDA_191121.csv",0,NA,NA,NA,"P. cactorum","panax","panax","panax",NA,NA,"panax","araliaceae","apiales","magnoliopsida","tracheophyta","plantae","kew",NA,FALSE,NA
"phaseolus lunatus","phytophthora phaseoli",26217,NA,NA,NA,NA,NA,NA,NA,NA,NA,"1996",NA,"Downy mildew.",NA,NA,NA,NA,NA,NA,NA,NA,NA,NA,NA,NA,NA,NA,NA,NA,"Russia",NA,NA,NA,NA,NA,NA,NA,NA,NA,"Erwin, D.C., and Ribeiro, O.K.. 1996. %Phytophthora% Diseases Worldwide. APS Press, St. Paul, Minnesota :562",NA,"10000","usda",501,"https://cehacuk-my.sharepoint.com/:x:/r/personal/loubar_ceh_ac_uk/Documents/newLEAF/host_pest/newLEAF_host_Phytophthora/PhytophthoraUSDA_191121.csv",0,NA,NA,NA,"P. phaseoli","phaseolus lunatus","phaseolus lunatus","phaseolus lunatus","lunatus","phaseolus lunatus","phaseolus","fabaceae","fabales","magnoliopsida","tracheophyta","plantae","kew",NA,FALSE,NA
"quercus robur","phytophthora quercina",52952,NA,NA,NA,NA,NA,NA,NA,NA,NA,NA,"2014",NA,NA,NA,NA,NA,NA,NA,NA,NA,NA,NA,NA,NA,NA,NA,NA,NA,"Russia","Russia",NA,NA,NA,NA,NA,NA,NA,NA,"Marcot, Bruce G., Peter Scott, and Treena I. Burgess. 2023. “ Multivariate Bayesian Analysis to Predict Invasiveness of Phytophthora Pathogens.” Ecosphere 14(6): e4573. https://doi.org/10.1002/ecs2.4573","KF963048.1",NA,"multi_bayes_data_1_genbank",13222,"https://data.mendeley.com/datasets/6rshgjfr8w/1",0,NA,NA,NA,"P. quercina","quercus robur","quercus robur","quercus robur","robur","quercus robur","quercus","fagaceae","fagales","magnoliopsida","tracheophyta","plantae","kew",NA,TRUE,NA
"ricinus communis","phytophthora nicotianae",32868,NA,NA,NA,NA,NA,NA,NA,NA,NA,"1996",NA,NA,NA,NA,NA,NA,NA,NA,NA,NA,NA,NA,NA,NA,NA,NA,NA,NA,"USSR",NA,NA,NA,NA,NA,NA,NA,NA,NA,"Erwin, D.C., and Ribeiro, O.K.. 1996. %Phytophthora% Diseases Worldwide. APS Press, St. Paul, Minnesota :562",NA,"220852","usda",7152,"https://cehacuk-my.sharepoint.com/:x:/r/personal/loubar_ceh_ac_uk/Documents/newLEAF/host_pest/newLEAF_host_Phytophthora/PhytophthoraUSDA_191121.csv",0,NA,NA,NA,"P. nicotianae","ricinus communis","ricinus communis","ricinus communis","communis","ricinus communis","ricinus","euphorbiaceae","malpighiales","magnoliopsida","tracheophyta","plantae","kew",NA,FALSE,NA
"solanum dulcamara","phytophthora infestans",47238,NA,NA,NA,NA,NA,NA,NA,NA,NA,NA,"2015",NA,NA,NA,NA,NA,NA,NA,NA,NA,NA,NA,NA,NA,NA,NA,NA,NA,"Russia","Russia",NA,NA,NA,NA,NA,NA,NA,NA,"Marcot, Bruce G., Peter Scott, and Treena I. Burgess. 2023. “ Multivariate Bayesian Analysis to Predict Invasiveness of Phytophthora Pathogens.” Ecosphere 14(6): e4573. https://doi.org/10.1002/ecs2.4573","KP668812.1",NA,"multi_bayes_data_1_genbank",6472,"https://data.mendeley.com/datasets/6rshgjfr8w/1",0,NA,NA,NA,"P. infestans","solanum dulcamara","solanum dulcamara","solanum dulcamara","dulcamara","solanum dulcamara","solanum","solanaceae","solanales","magnoliopsida","tracheophyta","plantae","kew",NA,FALSE,NA
"solanum dulcamara","phytophthora infestans",30049,NA,NA,NA,NA,NA,NA,NA,NA,NA,"1996",NA,"Late blight.",NA,NA,NA,NA,NA,NA,NA,NA,NA,NA,NA,NA,NA,NA,NA,NA,"Russia",NA,NA,NA,NA,NA,NA,NA,NA,NA,"Erwin, D.C., and Ribeiro, O.K.. 1996. %Phytophthora% Diseases Worldwide. APS Press, St. Paul, Minnesota :562",NA,"73330","usda",4333,"https://cehacuk-my.sharepoint.com/:x:/r/personal/loubar_ceh_ac_uk/Documents/newLEAF/host_pest/newLEAF_host_Phytophthora/PhytophthoraUSDA_191121.csv",0,NA,NA,NA,"P. infestans","solanum dulcamara","solanum dulcamara","solanum dulcamara","dulcamara","solanum dulcamara","solanum","solanaceae","solanales","magnoliopsida","tracheophyta","plantae","kew",NA,FALSE,NA
"solanum melongena","phytophthora infestans",32974,NA,NA,NA,NA,NA,NA,NA,NA,NA,"1996",NA,NA,NA,NA,NA,NA,NA,NA,NA,NA,NA,NA,NA,NA,NA,NA,NA,NA,"Russia",NA,NA,NA,NA,NA,NA,NA,NA,NA,"Erwin, D.C., and Ribeiro, O.K.. 1996. %Phytophthora% Diseases Worldwide. APS Press, St. Paul, Minnesota :562",NA,"222335","usda",7258,"https://cehacuk-my.sharepoint.com/:x:/r/personal/loubar_ceh_ac_uk/Documents/newLEAF/host_pest/newLEAF_host_Phytophthora/PhytophthoraUSDA_191121.csv",0,NA,NA,NA,"P. infestans","solanum melongena","solanum melongena","solanum melongena","melongena","solanum melongena","solanum","solanaceae","solanales","magnoliopsida","tracheophyta","plantae","kew",NA,FALSE,NA
"solanum tuberosum","phytophthora infestans",28611,NA,NA,NA,NA,NA,NA,NA,NA,NA,"1995",NA,"Late blight.",NA,NA,NA,NA,NA,NA,NA,NA,NA,NA,NA,NA,NA,NA,NA,NA,"Russia",NA,NA,NA,NA,NA,NA,NA,NA,NA,"Melnik, V.A., and Pystina, K.A.. 1995. Novitates de micromycetibus reservati Svirensis inferioris. Novosti Sist. Nizsh. Rast. 30:29-36",NA,"46526","usda",2895,"https://cehacuk-my.sharepoint.com/:x:/r/personal/loubar_ceh_ac_uk/Documents/newLEAF/host_pest/newLEAF_host_Phytophthora/PhytophthoraUSDA_191121.csv",0,NA,NA,NA,"P. infestans","solanum tuberosum","solanum tuberosum","solanum tuberosum","tuberosum","solanum tuberosum","solanum","solanaceae","solanales","magnoliopsida","tracheophyta","plantae","kew",NA,FALSE,NA
"sorbocotoneaster pozdnjakovii","phytophthora plurivora",51747,NA,NA,NA,NA,NA,NA,NA,NA,NA,NA,"2014",NA,NA,NA,NA,NA,NA,NA,NA,NA,NA,NA,NA,NA,NA,NA,NA,NA,"Russia","Russia",NA,NA,NA,NA,NA,NA,NA,NA,"Marcot, Bruce G., Peter Scott, and Treena I. Burgess. 2023. “ Multivariate Bayesian Analysis to Predict Invasiveness of Phytophthora Pathogens.” Ecosphere 14(6): e4573. https://doi.org/10.1002/ecs2.4573","KF963050.1",NA,"multi_bayes_data_1_genbank",11784,"https://data.mendeley.com/datasets/6rshgjfr8w/1",0,NA,NA,NA,"P. plurivora","× sorbocotoneaster pozdnjakovii","× sorbocotoneaster pozdnjakovii","sorbocotoneaster pozdnjakovii","pozdnjakovii","× sorbocotoneaster pozdnjakovii","sorbocotoneaster","rosaceae","rosales","magnoliopsida","tracheophyta","plantae","kew","cotoneaster laxiflorus × sorbus aucuparia subsp. glabrata",FALSE,NA
"syringa vulgaris","phytophthora syringae",27871,NA,NA,NA,NA,NA,NA,NA,NA,NA,"1996",NA,"Shoot blight.",NA,NA,NA,NA,NA,NA,NA,NA,NA,NA,NA,NA,NA,NA,NA,NA,"USSR",NA,NA,NA,NA,NA,NA,NA,NA,NA,"Erwin, D.C., and Ribeiro, O.K.. 1996. %Phytophthora% Diseases Worldwide. APS Press, St. Paul, Minnesota :562",NA,"36486","usda",2155,"https://cehacuk-my.sharepoint.com/:x:/r/personal/loubar_ceh_ac_uk/Documents/newLEAF/host_pest/newLEAF_host_Phytophthora/PhytophthoraUSDA_191121.csv",0,NA,NA,NA,"P. syringae","syringa vulgaris","syringa vulgaris","syringa vulgaris","vulgaris","syringa vulgaris","syringa","oleaceae","lamiales","magnoliopsida","tracheophyta","plantae","kew",NA,FALSE,NA
"tilia","phytophthora infestans",35980,NA,NA,NA,NA,NA,NA,NA,NA,NA,"1996",NA,NA,NA,NA,NA,NA,NA,NA,NA,NA,NA,NA,NA,NA,NA,NA,NA,NA,"USSR",NA,NA,NA,NA,NA,NA,NA,NA,NA,"Erwin, D.C., and Ribeiro, O.K.. 1996. %Phytophthora% Diseases Worldwide. APS Press, St. Paul, Minnesota :562",NA,"778694","usda",10264,"https://cehacuk-my.sharepoint.com/:x:/r/personal/loubar_ceh_ac_uk/Documents/newLEAF/host_pest/newLEAF_host_Phytophthora/PhytophthoraUSDA_191121.csv",0,NA,NA,NA,"P. infestans","tilia","tilia","tilia",NA,NA,"tilia","malvaceae","malvales","magnoliopsida","tracheophyta","plantae","kew",NA,FALSE,NA
"tripterygium regelii","phytophthora plurivora",51748,NA,NA,NA,NA,NA,NA,NA,NA,NA,NA,"2014",NA,NA,NA,NA,NA,NA,NA,NA,NA,NA,NA,NA,NA,NA,NA,NA,NA,"Russia","Russia",NA,NA,NA,NA,NA,NA,NA,NA,"Marcot, Bruce G., Peter Scott, and Treena I. Burgess. 2023. “ Multivariate Bayesian Analysis to Predict Invasiveness of Phytophthora Pathogens.” Ecosphere 14(6): e4573. https://doi.org/10.1002/ecs2.4573","KF963047.1",NA,"multi_bayes_data_1_genbank",11785,"https://data.mendeley.com/datasets/6rshgjfr8w/1",0,NA,NA,NA,"P. plurivora","tripterygium regelii","tripterygium regelii","tripterygium regelii","regelii","tripterygium regelii","tripterygium","celastraceae","celastrales","magnoliopsida","tracheophyta","plantae","kew",NA,FALSE,NA
"ulmus laevis","phytophthora plurivora",51749,NA,NA,NA,NA,NA,NA,NA,NA,NA,NA,"2014",NA,NA,NA,NA,NA,NA,NA,NA,NA,NA,NA,NA,NA,NA,NA,NA,NA,"Russia","Russia",NA,NA,NA,NA,NA,NA,NA,NA,"Marcot, Bruce G., Peter Scott, and Treena I. Burgess. 2023. “ Multivariate Bayesian Analysis to Predict Invasiveness of Phytophthora Pathogens.” Ecosphere 14(6): e4573. https://doi.org/10.1002/ecs2.4573","KF963049.1",NA,"multi_bayes_data_1_genbank",11786,"https://data.mendeley.com/datasets/6rshgjfr8w/1",0,NA,NA,NA,"P. plurivora","ulmus laevis","ulmus laevis","ulmus laevis","laevis","ulmus laevis","ulmus","ulmaceae","rosales","magnoliopsida","tracheophyta","plantae","kew",NA,FALSE,NA
NA,"phytophthora infestans",47256,NA,NA,NA,NA,NA,NA,NA,NA,NA,NA,"2009",NA,NA,NA,NA,NA,NA,NA,NA,NA,NA,NA,NA,NA,NA,NA,NA,NA,"Russia","Russia",NA,NA,NA,NA,NA,NA,NA,NA,"Marcot, Bruce G., Peter Scott, and Treena I. Burgess. 2023. “ Multivariate Bayesian Analysis to Predict Invasiveness of Phytophthora Pathogens.” Ecosphere 14(6): e4573. https://doi.org/10.1002/ecs2.4573","FJ801658.1",NA,"multi_bayes_data_1_genbank",6490,"https://data.mendeley.com/datasets/6rshgjfr8w/1",0,NA,NA,NA,"P. infestans",NA,NA,NA,NA,NA,NA,NA,NA,NA,NA,NA,NA,NA,NA,NA
NA,"phytophthora infestans",47248,NA,NA,NA,NA,NA,NA,NA,NA,NA,NA,"2009",NA,NA,NA,NA,NA,NA,NA,NA,NA,NA,NA,NA,NA,NA,NA,NA,NA,"Russia","Russia",NA,NA,NA,NA,NA,NA,NA,NA,"Marcot, Bruce G., Peter Scott, and Treena I. Burgess. 2023. “ Multivariate Bayesian Analysis to Predict Invasiveness of Phytophthora Pathogens.” Ecosphere 14(6): e4573. https://doi.org/10.1002/ecs2.4573","FJ801650.1",NA,"multi_bayes_data_1_genbank",6482,"https://data.mendeley.com/datasets/6rshgjfr8w/1",0,NA,NA,NA,"P. infestans",NA,NA,NA,NA,NA,NA,NA,NA,NA,NA,NA,NA,NA,NA,NA
NA,"phytophthora infestans",47285,NA,NA,NA,NA,NA,NA,NA,NA,NA,NA,"2009",NA,NA,NA,NA,NA,NA,NA,NA,NA,NA,NA,NA,NA,NA,NA,NA,NA,"Russia","Russia",NA,NA,NA,NA,NA,NA,NA,NA,"Marcot, Bruce G., Peter Scott, and Treena I. Burgess. 2023. “ Multivariate Bayesian Analysis to Predict Invasiveness of Phytophthora Pathogens.” Ecosphere 14(6): e4573. https://doi.org/10.1002/ecs2.4573","FJ801687.1",NA,"multi_bayes_data_1_genbank",6519,"https://data.mendeley.com/datasets/6rshgjfr8w/1",0,NA,NA,NA,"P. infestans",NA,NA,NA,NA,NA,NA,NA,NA,NA,NA,NA,NA,NA,NA,NA
NA,"phytophthora infestans",47300,NA,NA,NA,NA,NA,NA,NA,NA,NA,NA,"2009",NA,NA,NA,NA,NA,NA,NA,NA,NA,NA,NA,NA,NA,NA,NA,NA,NA,"Russia","Russia",NA,NA,NA,NA,NA,NA,NA,NA,"Marcot, Bruce G., Peter Scott, and Treena I. Burgess. 2023. “ Multivariate Bayesian Analysis to Predict Invasiveness of Phytophthora Pathogens.” Ecosphere 14(6): e4573. https://doi.org/10.1002/ecs2.4573","FJ801706.1",NA,"multi_bayes_data_1_genbank",6534,"https://data.mendeley.com/datasets/6rshgjfr8w/1",0,NA,NA,NA,"P. infestans",NA,NA,NA,NA,NA,NA,NA,NA,NA,NA,NA,NA,NA,NA,NA
NA,"phytophthora infestans",47292,NA,NA,NA,NA,NA,NA,NA,NA,NA,NA,"2009",NA,NA,NA,NA,NA,NA,NA,NA,NA,NA,NA,NA,NA,NA,NA,NA,NA,"Russia","Russia",NA,NA,NA,NA,NA,NA,NA,NA,"Marcot, Bruce G., Peter Scott, and Treena I. Burgess. 2023. “ Multivariate Bayesian Analysis to Predict Invasiveness of Phytophthora Pathogens.” Ecosphere 14(6): e4573. https://doi.org/10.1002/ecs2.4573","FJ801698.1",NA,"multi_bayes_data_1_genbank",6526,"https://data.mendeley.com/datasets/6rshgjfr8w/1",0,NA,NA,NA,"P. infestans",NA,NA,NA,NA,NA,NA,NA,NA,NA,NA,NA,NA,NA,NA,NA
NA,"phytophthora infestans",47259,NA,NA,NA,NA,NA,NA,NA,NA,NA,NA,"2009",NA,NA,NA,NA,NA,NA,NA,NA,NA,NA,NA,NA,NA,NA,NA,NA,NA,"Russia","Russia",NA,NA,NA,NA,NA,NA,NA,NA,"Marcot, Bruce G., Peter Scott, and Treena I. Burgess. 2023. “ Multivariate Bayesian Analysis to Predict Invasiveness of Phytophthora Pathogens.” Ecosphere 14(6): e4573. https://doi.org/10.1002/ecs2.4573","FJ801661.1",NA,"multi_bayes_data_1_genbank",6493,"https://data.mendeley.com/datasets/6rshgjfr8w/1",0,NA,NA,NA,"P. infestans",NA,NA,NA,NA,NA,NA,NA,NA,NA,NA,NA,NA,NA,NA,NA
NA,"phytophthora infestans",47273,NA,NA,NA,NA,NA,NA,NA,NA,NA,NA,"2012",NA,NA,NA,NA,NA,NA,NA,NA,NA,NA,NA,NA,NA,NA,NA,NA,NA,"Russia","Russia",NA,NA,NA,NA,NA,NA,NA,NA,"Marcot, Bruce G., Peter Scott, and Treena I. Burgess. 2023. “ Multivariate Bayesian Analysis to Predict Invasiveness of Phytophthora Pathogens.” Ecosphere 14(6): e4573. https://doi.org/10.1002/ecs2.4573","FJ801675.2",NA,"multi_bayes_data_1_genbank",6507,"https://data.mendeley.com/datasets/6rshgjfr8w/1",0,NA,NA,NA,"P. infestans",NA,NA,NA,NA,NA,NA,NA,NA,NA,NA,NA,NA,NA,NA,NA
NA,"phytophthora infestans",47264,NA,NA,NA,NA,NA,NA,NA,NA,NA,NA,"2009",NA,NA,NA,NA,NA,NA,NA,NA,NA,NA,NA,NA,NA,NA,NA,NA,NA,"Russia","Russia",NA,NA,NA,NA,NA,NA,NA,NA,"Marcot, Bruce G., Peter Scott, and Treena I. Burgess. 2023. “ Multivariate Bayesian Analysis to Predict Invasiveness of Phytophthora Pathogens.” Ecosphere 14(6): e4573. https://doi.org/10.1002/ecs2.4573","FJ801666.1",NA,"multi_bayes_data_1_genbank",6498,"https://data.mendeley.com/datasets/6rshgjfr8w/1",0,NA,NA,NA,"P. infestans",NA,NA,NA,NA,NA,NA,NA,NA,NA,NA,NA,NA,NA,NA,NA
NA,"phytophthora infestans",47267,NA,NA,NA,NA,NA,NA,NA,NA,NA,NA,"2009",NA,NA,NA,NA,NA,NA,NA,NA,NA,NA,NA,NA,NA,NA,NA,NA,NA,"Russia","Russia",NA,NA,NA,NA,NA,NA,NA,NA,"Marcot, Bruce G., Peter Scott, and Treena I. Burgess. 2023. “ Multivariate Bayesian Analysis to Predict Invasiveness of Phytophthora Pathogens.” Ecosphere 14(6): e4573. https://doi.org/10.1002/ecs2.4573","FJ801669.1",NA,"multi_bayes_data_1_genbank",6501,"https://data.mendeley.com/datasets/6rshgjfr8w/1",0,NA,NA,NA,"P. infestans",NA,NA,NA,NA,NA,NA,NA,NA,NA,NA,NA,NA,NA,NA,NA
NA,"phytophthora infestans",47279,NA,NA,NA,NA,NA,NA,NA,NA,NA,NA,"2009",NA,NA,NA,NA,NA,NA,NA,NA,NA,NA,NA,NA,NA,NA,NA,NA,NA,"Russia","Russia",NA,NA,NA,NA,NA,NA,NA,NA,"Marcot, Bruce G., Peter Scott, and Treena I. Burgess. 2023. “ Multivariate Bayesian Analysis to Predict Invasiveness of Phytophthora Pathogens.” Ecosphere 14(6): e4573. https://doi.org/10.1002/ecs2.4573","FJ801681.1",NA,"multi_bayes_data_1_genbank",6513,"https://data.mendeley.com/datasets/6rshgjfr8w/1",0,NA,NA,NA,"P. infestans",NA,NA,NA,NA,NA,NA,NA,NA,NA,NA,NA,NA,NA,NA,NA
NA,"phytophthora infestans",47274,NA,NA,NA,NA,NA,NA,NA,NA,NA,NA,"2009",NA,NA,NA,NA,NA,NA,NA,NA,NA,NA,NA,NA,NA,NA,NA,NA,NA,"Russia","Russia",NA,NA,NA,NA,NA,NA,NA,NA,"Marcot, Bruce G., Peter Scott, and Treena I. Burgess. 2023. “ Multivariate Bayesian Analysis to Predict Invasiveness of Phytophthora Pathogens.” Ecosphere 14(6): e4573. https://doi.org/10.1002/ecs2.4573","FJ801676.1",NA,"multi_bayes_data_1_genbank",6508,"https://data.mendeley.com/datasets/6rshgjfr8w/1",0,NA,NA,NA,"P. infestans",NA,NA,NA,NA,NA,NA,NA,NA,NA,NA,NA,NA,NA,NA,NA
NA,"phytophthora infestans",47261,NA,NA,NA,NA,NA,NA,NA,NA,NA,NA,"2009",NA,NA,NA,NA,NA,NA,NA,NA,NA,NA,NA,NA,NA,NA,NA,NA,NA,"Russia","Russia",NA,NA,NA,NA,NA,NA,NA,NA,"Marcot, Bruce G., Peter Scott, and Treena I. Burgess. 2023. “ Multivariate Bayesian Analysis to Predict Invasiveness of Phytophthora Pathogens.” Ecosphere 14(6): e4573. https://doi.org/10.1002/ecs2.4573","FJ801663.1",NA,"multi_bayes_data_1_genbank",6495,"https://data.mendeley.com/datasets/6rshgjfr8w/1",0,NA,NA,NA,"P. infestans",NA,NA,NA,NA,NA,NA,NA,NA,NA,NA,NA,NA,NA,NA,NA
NA,"phytophthora infestans",47262,NA,NA,NA,NA,NA,NA,NA,NA,NA,NA,"2009",NA,NA,NA,NA,NA,NA,NA,NA,NA,NA,NA,NA,NA,NA,NA,NA,NA,"Russia","Russia",NA,NA,NA,NA,NA,NA,NA,NA,"Marcot, Bruce G., Peter Scott, and Treena I. Burgess. 2023. “ Multivariate Bayesian Analysis to Predict Invasiveness of Phytophthora Pathogens.” Ecosphere 14(6): e4573. https://doi.org/10.1002/ecs2.4573","FJ801664.1",NA,"multi_bayes_data_1_genbank",6496,"https://data.mendeley.com/datasets/6rshgjfr8w/1",0,NA,NA,NA,"P. infestans",NA,NA,NA,NA,NA,NA,NA,NA,NA,NA,NA,NA,NA,NA,NA
NA,"phytophthora infestans",47263,NA,NA,NA,NA,NA,NA,NA,NA,NA,NA,"2009",NA,NA,NA,NA,NA,NA,NA,NA,NA,NA,NA,NA,NA,NA,NA,NA,NA,"Russia","Russia",NA,NA,NA,NA,NA,NA,NA,NA,"Marcot, Bruce G., Peter Scott, and Treena I. Burgess. 2023. “ Multivariate Bayesian Analysis to Predict Invasiveness of Phytophthora Pathogens.” Ecosphere 14(6): e4573. https://doi.org/10.1002/ecs2.4573","FJ801665.1",NA,"multi_bayes_data_1_genbank",6497,"https://data.mendeley.com/datasets/6rshgjfr8w/1",0,NA,NA,NA,"P. infestans",NA,NA,NA,NA,NA,NA,NA,NA,NA,NA,NA,NA,NA,NA,NA
NA,"phytophthora infestans",47269,NA,NA,NA,NA,NA,NA,NA,NA,NA,NA,"2009",NA,NA,NA,NA,NA,NA,NA,NA,NA,NA,NA,NA,NA,NA,NA,NA,NA,"Russia","Russia",NA,NA,NA,NA,NA,NA,NA,NA,"Marcot, Bruce G., Peter Scott, and Treena I. Burgess. 2023. “ Multivariate Bayesian Analysis to Predict Invasiveness of Phytophthora Pathogens.” Ecosphere 14(6): e4573. https://doi.org/10.1002/ecs2.4573","FJ801671.1",NA,"multi_bayes_data_1_genbank",6503,"https://data.mendeley.com/datasets/6rshgjfr8w/1",0,NA,NA,NA,"P. infestans",NA,NA,NA,NA,NA,NA,NA,NA,NA,NA,NA,NA,NA,NA,NA
NA,"phytophthora infestans",47298,NA,NA,NA,NA,NA,NA,NA,NA,NA,NA,"2009",NA,NA,NA,NA,NA,NA,NA,NA,NA,NA,NA,NA,NA,NA,NA,NA,NA,"Russia","Russia",NA,NA,NA,NA,NA,NA,NA,NA,"Marcot, Bruce G., Peter Scott, and Treena I. Burgess. 2023. “ Multivariate Bayesian Analysis to Predict Invasiveness of Phytophthora Pathogens.” Ecosphere 14(6): e4573. https://doi.org/10.1002/ecs2.4573","FJ801704.1",NA,"multi_bayes_data_1_genbank",6532,"https://data.mendeley.com/datasets/6rshgjfr8w/1",0,NA,NA,NA,"P. infestans",NA,NA,NA,NA,NA,NA,NA,NA,NA,NA,NA,NA,NA,NA,NA
NA,"phytophthora infestans",47254,NA,NA,NA,NA,NA,NA,NA,NA,NA,NA,"2009",NA,NA,NA,NA,NA,NA,NA,NA,NA,NA,NA,NA,NA,NA,NA,NA,NA,"Russia","Russia",NA,NA,NA,NA,NA,NA,NA,NA,"Marcot, Bruce G., Peter Scott, and Treena I. Burgess. 2023. “ Multivariate Bayesian Analysis to Predict Invasiveness of Phytophthora Pathogens.” Ecosphere 14(6): e4573. https://doi.org/10.1002/ecs2.4573","FJ801656.1",NA,"multi_bayes_data_1_genbank",6488,"https://data.mendeley.com/datasets/6rshgjfr8w/1",0,NA,NA,NA,"P. infestans",NA,NA,NA,NA,NA,NA,NA,NA,NA,NA,NA,NA,NA,NA,NA
NA,"phytophthora infestans",47253,NA,NA,NA,NA,NA,NA,NA,NA,NA,NA,"2009",NA,NA,NA,NA,NA,NA,NA,NA,NA,NA,NA,NA,NA,NA,NA,NA,NA,"Russia","Russia",NA,NA,NA,NA,NA,NA,NA,NA,"Marcot, Bruce G., Peter Scott, and Treena I. Burgess. 2023. “ Multivariate Bayesian Analysis to Predict Invasiveness of Phytophthora Pathogens.” Ecosphere 14(6): e4573. https://doi.org/10.1002/ecs2.4573","FJ801655.1",NA,"multi_bayes_data_1_genbank",6487,"https://data.mendeley.com/datasets/6rshgjfr8w/1",0,NA,NA,NA,"P. infestans",NA,NA,NA,NA,NA,NA,NA,NA,NA,NA,NA,NA,NA,NA,NA
NA,"phytophthora infestans",47284,NA,NA,NA,NA,NA,NA,NA,NA,NA,NA,"2009",NA,NA,NA,NA,NA,NA,NA,NA,NA,NA,NA,NA,NA,NA,NA,NA,NA,"Russia","Russia",NA,NA,NA,NA,NA,NA,NA,NA,"Marcot, Bruce G., Peter Scott, and Treena I. Burgess. 2023. “ Multivariate Bayesian Analysis to Predict Invasiveness of Phytophthora Pathogens.” Ecosphere 14(6): e4573. https://doi.org/10.1002/ecs2.4573","FJ801686.1",NA,"multi_bayes_data_1_genbank",6518,"https://data.mendeley.com/datasets/6rshgjfr8w/1",0,NA,NA,NA,"P. infestans",NA,NA,NA,NA,NA,NA,NA,NA,NA,NA,NA,NA,NA,NA,NA
NA,"phytophthora infestans",47289,NA,NA,NA,NA,NA,NA,NA,NA,NA,NA,"2009",NA,NA,NA,NA,NA,NA,NA,NA,NA,NA,NA,NA,NA,NA,NA,NA,NA,"Russia","Russia",NA,NA,NA,NA,NA,NA,NA,NA,"Marcot, Bruce G., Peter Scott, and Treena I. Burgess. 2023. “ Multivariate Bayesian Analysis to Predict Invasiveness of Phytophthora Pathogens.” Ecosphere 14(6): e4573. https://doi.org/10.1002/ecs2.4573","FJ801694.1",NA,"multi_bayes_data_1_genbank",6523,"https://data.mendeley.com/datasets/6rshgjfr8w/1",0,NA,NA,NA,"P. infestans",NA,NA,NA,NA,NA,NA,NA,NA,NA,NA,NA,NA,NA,NA,NA
NA,"phytophthora infestans",47266,NA,NA,NA,NA,NA,NA,NA,NA,NA,NA,"2009",NA,NA,NA,NA,NA,NA,NA,NA,NA,NA,NA,NA,NA,NA,NA,NA,NA,"Russia","Russia",NA,NA,NA,NA,NA,NA,NA,NA,"Marcot, Bruce G., Peter Scott, and Treena I. Burgess. 2023. “ Multivariate Bayesian Analysis to Predict Invasiveness of Phytophthora Pathogens.” Ecosphere 14(6): e4573. https://doi.org/10.1002/ecs2.4573","FJ801668.1",NA,"multi_bayes_data_1_genbank",6500,"https://data.mendeley.com/datasets/6rshgjfr8w/1",0,NA,NA,NA,"P. infestans",NA,NA,NA,NA,NA,NA,NA,NA,NA,NA,NA,NA,NA,NA,NA
NA,"phytophthora infestans",47276,NA,NA,NA,NA,NA,NA,NA,NA,NA,NA,"2009",NA,NA,NA,NA,NA,NA,NA,NA,NA,NA,NA,NA,NA,NA,NA,NA,NA,"Russia","Russia",NA,NA,NA,NA,NA,NA,NA,NA,"Marcot, Bruce G., Peter Scott, and Treena I. Burgess. 2023. “ Multivariate Bayesian Analysis to Predict Invasiveness of Phytophthora Pathogens.” Ecosphere 14(6): e4573. https://doi.org/10.1002/ecs2.4573","FJ801678.1",NA,"multi_bayes_data_1_genbank",6510,"https://data.mendeley.com/datasets/6rshgjfr8w/1",0,NA,NA,NA,"P. infestans",NA,NA,NA,NA,NA,NA,NA,NA,NA,NA,NA,NA,NA,NA,NA
NA,"phytophthora infestans",47255,NA,NA,NA,NA,NA,NA,NA,NA,NA,NA,"2009",NA,NA,NA,NA,NA,NA,NA,NA,NA,NA,NA,NA,NA,NA,NA,NA,NA,"Russia","Russia",NA,NA,NA,NA,NA,NA,NA,NA,"Marcot, Bruce G., Peter Scott, and Treena I. Burgess. 2023. “ Multivariate Bayesian Analysis to Predict Invasiveness of Phytophthora Pathogens.” Ecosphere 14(6): e4573. https://doi.org/10.1002/ecs2.4573","FJ801657.1",NA,"multi_bayes_data_1_genbank",6489,"https://data.mendeley.com/datasets/6rshgjfr8w/1",0,NA,NA,NA,"P. infestans",NA,NA,NA,NA,NA,NA,NA,NA,NA,NA,NA,NA,NA,NA,NA
NA,"phytophthora infestans",47265,NA,NA,NA,NA,NA,NA,NA,NA,NA,NA,"2009",NA,NA,NA,NA,NA,NA,NA,NA,NA,NA,NA,NA,NA,NA,NA,NA,NA,"Russia","Russia",NA,NA,NA,NA,NA,NA,NA,NA,"Marcot, Bruce G., Peter Scott, and Treena I. Burgess. 2023. “ Multivariate Bayesian Analysis to Predict Invasiveness of Phytophthora Pathogens.” Ecosphere 14(6): e4573. https://doi.org/10.1002/ecs2.4573","FJ801667.1",NA,"multi_bayes_data_1_genbank",6499,"https://data.mendeley.com/datasets/6rshgjfr8w/1",0,NA,NA,NA,"P. infestans",NA,NA,NA,NA,NA,NA,NA,NA,NA,NA,NA,NA,NA,NA,NA
NA,"phytophthora infestans",47291,NA,NA,NA,NA,NA,NA,NA,NA,NA,NA,"2009",NA,NA,NA,NA,NA,NA,NA,NA,NA,NA,NA,NA,NA,NA,NA,NA,NA,"Russia","Russia",NA,NA,NA,NA,NA,NA,NA,NA,"Marcot, Bruce G., Peter Scott, and Treena I. Burgess. 2023. “ Multivariate Bayesian Analysis to Predict Invasiveness of Phytophthora Pathogens.” Ecosphere 14(6): e4573. https://doi.org/10.1002/ecs2.4573","FJ801697.1",NA,"multi_bayes_data_1_genbank",6525,"https://data.mendeley.com/datasets/6rshgjfr8w/1",0,NA,NA,NA,"P. infestans",NA,NA,NA,NA,NA,NA,NA,NA,NA,NA,NA,NA,NA,NA,NA
NA,"phytophthora infestans",47251,NA,NA,NA,NA,NA,NA,NA,NA,NA,NA,"2009",NA,NA,NA,NA,NA,NA,NA,NA,NA,NA,NA,NA,NA,NA,NA,NA,NA,"Russia","Russia",NA,NA,NA,NA,NA,NA,NA,NA,"Marcot, Bruce G., Peter Scott, and Treena I. Burgess. 2023. “ Multivariate Bayesian Analysis to Predict Invasiveness of Phytophthora Pathogens.” Ecosphere 14(6): e4573. https://doi.org/10.1002/ecs2.4573","FJ801653.1",NA,"multi_bayes_data_1_genbank",6485,"https://data.mendeley.com/datasets/6rshgjfr8w/1",0,NA,NA,NA,"P. infestans",NA,NA,NA,NA,NA,NA,NA,NA,NA,NA,NA,NA,NA,NA,NA
NA,"phytophthora infestans",47294,NA,NA,NA,NA,NA,NA,NA,NA,NA,NA,"2009",NA,NA,NA,NA,NA,NA,NA,NA,NA,NA,NA,NA,NA,NA,NA,NA,NA,"Russia","Russia",NA,NA,NA,NA,NA,NA,NA,NA,"Marcot, Bruce G., Peter Scott, and Treena I. Burgess. 2023. “ Multivariate Bayesian Analysis to Predict Invasiveness of Phytophthora Pathogens.” Ecosphere 14(6): e4573. https://doi.org/10.1002/ecs2.4573","FJ801700.1",NA,"multi_bayes_data_1_genbank",6528,"https://data.mendeley.com/datasets/6rshgjfr8w/1",0,NA,NA,NA,"P. infestans",NA,NA,NA,NA,NA,NA,NA,NA,NA,NA,NA,NA,NA,NA,NA
NA,"phytophthora infestans",47290,NA,NA,NA,NA,NA,NA,NA,NA,NA,NA,"2009",NA,NA,NA,NA,NA,NA,NA,NA,NA,NA,NA,NA,NA,NA,NA,NA,NA,"Russia","Russia",NA,NA,NA,NA,NA,NA,NA,NA,"Marcot, Bruce G., Peter Scott, and Treena I. Burgess. 2023. “ Multivariate Bayesian Analysis to Predict Invasiveness of Phytophthora Pathogens.” Ecosphere 14(6): e4573. https://doi.org/10.1002/ecs2.4573","FJ801696.1",NA,"multi_bayes_data_1_genbank",6524,"https://data.mendeley.com/datasets/6rshgjfr8w/1",0,NA,NA,NA,"P. infestans",NA,NA,NA,NA,NA,NA,NA,NA,NA,NA,NA,NA,NA,NA,NA
NA,"phytophthora infestans",47239,NA,NA,NA,NA,NA,NA,NA,NA,NA,NA,"2009",NA,NA,NA,NA,NA,NA,NA,NA,NA,NA,NA,NA,NA,NA,NA,NA,NA,"Russia","Russia",NA,NA,NA,NA,NA,NA,NA,NA,"Marcot, Bruce G., Peter Scott, and Treena I. Burgess. 2023. “ Multivariate Bayesian Analysis to Predict Invasiveness of Phytophthora Pathogens.” Ecosphere 14(6): e4573. https://doi.org/10.1002/ecs2.4573","FJ801262.1",NA,"multi_bayes_data_1_genbank",6473,"https://data.mendeley.com/datasets/6rshgjfr8w/1",0,NA,NA,NA,"P. infestans",NA,NA,NA,NA,NA,NA,NA,NA,NA,NA,NA,NA,NA,NA,NA
NA,"phytophthora infestans",47277,NA,NA,NA,NA,NA,NA,NA,NA,NA,NA,"2009",NA,NA,NA,NA,NA,NA,NA,NA,NA,NA,NA,NA,NA,NA,NA,NA,NA,"Russia","Russia",NA,NA,NA,NA,NA,NA,NA,NA,"Marcot, Bruce G., Peter Scott, and Treena I. Burgess. 2023. “ Multivariate Bayesian Analysis to Predict Invasiveness of Phytophthora Pathogens.” Ecosphere 14(6): e4573. https://doi.org/10.1002/ecs2.4573","FJ801679.1",NA,"multi_bayes_data_1_genbank",6511,"https://data.mendeley.com/datasets/6rshgjfr8w/1",0,NA,NA,NA,"P. infestans",NA,NA,NA,NA,NA,NA,NA,NA,NA,NA,NA,NA,NA,NA,NA
NA,"phytophthora infestans",47249,NA,NA,NA,NA,NA,NA,NA,NA,NA,NA,"2009",NA,NA,NA,NA,NA,NA,NA,NA,NA,NA,NA,NA,NA,NA,NA,NA,NA,"Russia","Russia",NA,NA,NA,NA,NA,NA,NA,NA,"Marcot, Bruce G., Peter Scott, and Treena I. Burgess. 2023. “ Multivariate Bayesian Analysis to Predict Invasiveness of Phytophthora Pathogens.” Ecosphere 14(6): e4573. https://doi.org/10.1002/ecs2.4573","FJ801651.1",NA,"multi_bayes_data_1_genbank",6483,"https://data.mendeley.com/datasets/6rshgjfr8w/1",0,NA,NA,NA,"P. infestans",NA,NA,NA,NA,NA,NA,NA,NA,NA,NA,NA,NA,NA,NA,NA
NA,"phytophthora infestans",47301,NA,NA,NA,NA,NA,NA,NA,NA,NA,NA,"2009",NA,NA,NA,NA,NA,NA,NA,NA,NA,NA,NA,NA,NA,NA,NA,NA,NA,"Russia","Russia",NA,NA,NA,NA,NA,NA,NA,NA,"Marcot, Bruce G., Peter Scott, and Treena I. Burgess. 2023. “ Multivariate Bayesian Analysis to Predict Invasiveness of Phytophthora Pathogens.” Ecosphere 14(6): e4573. https://doi.org/10.1002/ecs2.4573","FJ801707.1",NA,"multi_bayes_data_1_genbank",6535,"https://data.mendeley.com/datasets/6rshgjfr8w/1",0,NA,NA,NA,"P. infestans",NA,NA,NA,NA,NA,NA,NA,NA,NA,NA,NA,NA,NA,NA,NA
NA,"phytophthora infestans",47258,NA,NA,NA,NA,NA,NA,NA,NA,NA,NA,"2009",NA,NA,NA,NA,NA,NA,NA,NA,NA,NA,NA,NA,NA,NA,NA,NA,NA,"Russia","Russia",NA,NA,NA,NA,NA,NA,NA,NA,"Marcot, Bruce G., Peter Scott, and Treena I. Burgess. 2023. “ Multivariate Bayesian Analysis to Predict Invasiveness of Phytophthora Pathogens.” Ecosphere 14(6): e4573. https://doi.org/10.1002/ecs2.4573","FJ801660.1",NA,"multi_bayes_data_1_genbank",6492,"https://data.mendeley.com/datasets/6rshgjfr8w/1",0,NA,NA,NA,"P. infestans",NA,NA,NA,NA,NA,NA,NA,NA,NA,NA,NA,NA,NA,NA,NA
NA,"phytophthora infestans",47244,NA,NA,NA,NA,NA,NA,NA,NA,NA,NA,"2009",NA,NA,NA,NA,NA,NA,NA,NA,NA,NA,NA,NA,NA,NA,NA,NA,NA,"Russia","Russia",NA,NA,NA,NA,NA,NA,NA,NA,"Marcot, Bruce G., Peter Scott, and Treena I. Burgess. 2023. “ Multivariate Bayesian Analysis to Predict Invasiveness of Phytophthora Pathogens.” Ecosphere 14(6): e4573. https://doi.org/10.1002/ecs2.4573","FJ801646.1",NA,"multi_bayes_data_1_genbank",6478,"https://data.mendeley.com/datasets/6rshgjfr8w/1",0,NA,NA,NA,"P. infestans",NA,NA,NA,NA,NA,NA,NA,NA,NA,NA,NA,NA,NA,NA,NA
NA,"phytophthora infestans",47296,NA,NA,NA,NA,NA,NA,NA,NA,NA,NA,"2009",NA,NA,NA,NA,NA,NA,NA,NA,NA,NA,NA,NA,NA,NA,NA,NA,NA,"Russia","Russia",NA,NA,NA,NA,NA,NA,NA,NA,"Marcot, Bruce G., Peter Scott, and Treena I. Burgess. 2023. “ Multivariate Bayesian Analysis to Predict Invasiveness of Phytophthora Pathogens.” Ecosphere 14(6): e4573. https://doi.org/10.1002/ecs2.4573","FJ801702.1",NA,"multi_bayes_data_1_genbank",6530,"https://data.mendeley.com/datasets/6rshgjfr8w/1",0,NA,NA,NA,"P. infestans",NA,NA,NA,NA,NA,NA,NA,NA,NA,NA,NA,NA,NA,NA,NA
NA,"phytophthora infestans",47260,NA,NA,NA,NA,NA,NA,NA,NA,NA,NA,"2009",NA,NA,NA,NA,NA,NA,NA,NA,NA,NA,NA,NA,NA,NA,NA,NA,NA,"Russia","Russia",NA,NA,NA,NA,NA,NA,NA,NA,"Marcot, Bruce G., Peter Scott, and Treena I. Burgess. 2023. “ Multivariate Bayesian Analysis to Predict Invasiveness of Phytophthora Pathogens.” Ecosphere 14(6): e4573. https://doi.org/10.1002/ecs2.4573","FJ801662.1",NA,"multi_bayes_data_1_genbank",6494,"https://data.mendeley.com/datasets/6rshgjfr8w/1",0,NA,NA,NA,"P. infestans",NA,NA,NA,NA,NA,NA,NA,NA,NA,NA,NA,NA,NA,NA,NA
NA,"phytophthora infestans",47281,NA,NA,NA,NA,NA,NA,NA,NA,NA,NA,"2009",NA,NA,NA,NA,NA,NA,NA,NA,NA,NA,NA,NA,NA,NA,NA,NA,NA,"Russia","Russia",NA,NA,NA,NA,NA,NA,NA,NA,"Marcot, Bruce G., Peter Scott, and Treena I. Burgess. 2023. “ Multivariate Bayesian Analysis to Predict Invasiveness of Phytophthora Pathogens.” Ecosphere 14(6): e4573. https://doi.org/10.1002/ecs2.4573","FJ801683.1",NA,"multi_bayes_data_1_genbank",6515,"https://data.mendeley.com/datasets/6rshgjfr8w/1",0,NA,NA,NA,"P. infestans",NA,NA,NA,NA,NA,NA,NA,NA,NA,NA,NA,NA,NA,NA,NA
NA,"phytophthora infestans",47280,NA,NA,NA,NA,NA,NA,NA,NA,NA,NA,"2009",NA,NA,NA,NA,NA,NA,NA,NA,NA,NA,NA,NA,NA,NA,NA,NA,NA,"Russia","Russia",NA,NA,NA,NA,NA,NA,NA,NA,"Marcot, Bruce G., Peter Scott, and Treena I. Burgess. 2023. “ Multivariate Bayesian Analysis to Predict Invasiveness of Phytophthora Pathogens.” Ecosphere 14(6): e4573. https://doi.org/10.1002/ecs2.4573","FJ801682.1",NA,"multi_bayes_data_1_genbank",6514,"https://data.mendeley.com/datasets/6rshgjfr8w/1",0,NA,NA,NA,"P. infestans",NA,NA,NA,NA,NA,NA,NA,NA,NA,NA,NA,NA,NA,NA,NA
NA,"phytophthora infestans",47278,NA,NA,NA,NA,NA,NA,NA,NA,NA,NA,"2009",NA,NA,NA,NA,NA,NA,NA,NA,NA,NA,NA,NA,NA,NA,NA,NA,NA,"Russia","Russia",NA,NA,NA,NA,NA,NA,NA,NA,"Marcot, Bruce G., Peter Scott, and Treena I. Burgess. 2023. “ Multivariate Bayesian Analysis to Predict Invasiveness of Phytophthora Pathogens.” Ecosphere 14(6): e4573. https://doi.org/10.1002/ecs2.4573","FJ801680.1",NA,"multi_bayes_data_1_genbank",6512,"https://data.mendeley.com/datasets/6rshgjfr8w/1",0,NA,NA,NA,"P. infestans",NA,NA,NA,NA,NA,NA,NA,NA,NA,NA,NA,NA,NA,NA,NA
NA,"phytophthora infestans",47268,NA,NA,NA,NA,NA,NA,NA,NA,NA,NA,"2009",NA,NA,NA,NA,NA,NA,NA,NA,NA,NA,NA,NA,NA,NA,NA,NA,NA,"Russia","Russia",NA,NA,NA,NA,NA,NA,NA,NA,"Marcot, Bruce G., Peter Scott, and Treena I. Burgess. 2023. “ Multivariate Bayesian Analysis to Predict Invasiveness of Phytophthora Pathogens.” Ecosphere 14(6): e4573. https://doi.org/10.1002/ecs2.4573","FJ801670.1",NA,"multi_bayes_data_1_genbank",6502,"https://data.mendeley.com/datasets/6rshgjfr8w/1",0,NA,NA,NA,"P. infestans",NA,NA,NA,NA,NA,NA,NA,NA,NA,NA,NA,NA,NA,NA,NA
NA,"phytophthora infestans",47270,NA,NA,NA,NA,NA,NA,NA,NA,NA,NA,"2009",NA,NA,NA,NA,NA,NA,NA,NA,NA,NA,NA,NA,NA,NA,NA,NA,NA,"Russia","Russia",NA,NA,NA,NA,NA,NA,NA,NA,"Marcot, Bruce G., Peter Scott, and Treena I. Burgess. 2023. “ Multivariate Bayesian Analysis to Predict Invasiveness of Phytophthora Pathogens.” Ecosphere 14(6): e4573. https://doi.org/10.1002/ecs2.4573","FJ801672.1",NA,"multi_bayes_data_1_genbank",6504,"https://data.mendeley.com/datasets/6rshgjfr8w/1",0,NA,NA,NA,"P. infestans",NA,NA,NA,NA,NA,NA,NA,NA,NA,NA,NA,NA,NA,NA,NA
NA,"phytophthora infestans",47293,NA,NA,NA,NA,NA,NA,NA,NA,NA,NA,"2009",NA,NA,NA,NA,NA,NA,NA,NA,NA,NA,NA,NA,NA,NA,NA,NA,NA,"Russia","Russia",NA,NA,NA,NA,NA,NA,NA,NA,"Marcot, Bruce G., Peter Scott, and Treena I. Burgess. 2023. “ Multivariate Bayesian Analysis to Predict Invasiveness of Phytophthora Pathogens.” Ecosphere 14(6): e4573. https://doi.org/10.1002/ecs2.4573","FJ801699.1",NA,"multi_bayes_data_1_genbank",6527,"https://data.mendeley.com/datasets/6rshgjfr8w/1",0,NA,NA,NA,"P. infestans",NA,NA,NA,NA,NA,NA,NA,NA,NA,NA,NA,NA,NA,NA,NA
NA,"phytophthora infestans",47287,NA,NA,NA,NA,NA,NA,NA,NA,NA,NA,"2009",NA,NA,NA,NA,NA,NA,NA,NA,NA,NA,NA,NA,NA,NA,NA,NA,NA,"Russia","Russia",NA,NA,NA,NA,NA,NA,NA,NA,"Marcot, Bruce G., Peter Scott, and Treena I. Burgess. 2023. “ Multivariate Bayesian Analysis to Predict Invasiveness of Phytophthora Pathogens.” Ecosphere 14(6): e4573. https://doi.org/10.1002/ecs2.4573","FJ801689.1",NA,"multi_bayes_data_1_genbank",6521,"https://data.mendeley.com/datasets/6rshgjfr8w/1",0,NA,NA,NA,"P. infestans",NA,NA,NA,NA,NA,NA,NA,NA,NA,NA,NA,NA,NA,NA,NA
NA,"phytophthora infestans",47247,NA,NA,NA,NA,NA,NA,NA,NA,NA,NA,"2009",NA,NA,NA,NA,NA,NA,NA,NA,NA,NA,NA,NA,NA,NA,NA,NA,NA,"Russia","Russia",NA,NA,NA,NA,NA,NA,NA,NA,"Marcot, Bruce G., Peter Scott, and Treena I. Burgess. 2023. “ Multivariate Bayesian Analysis to Predict Invasiveness of Phytophthora Pathogens.” Ecosphere 14(6): e4573. https://doi.org/10.1002/ecs2.4573","FJ801649.1",NA,"multi_bayes_data_1_genbank",6481,"https://data.mendeley.com/datasets/6rshgjfr8w/1",0,NA,NA,NA,"P. infestans",NA,NA,NA,NA,NA,NA,NA,NA,NA,NA,NA,NA,NA,NA,NA
NA,"phytophthora infestans",47240,NA,NA,NA,NA,NA,NA,NA,NA,NA,NA,"2009",NA,NA,NA,NA,NA,NA,NA,NA,NA,NA,NA,NA,NA,NA,NA,NA,NA,"Russia","Russia",NA,NA,NA,NA,NA,NA,NA,NA,"Marcot, Bruce G., Peter Scott, and Treena I. Burgess. 2023. “ Multivariate Bayesian Analysis to Predict Invasiveness of Phytophthora Pathogens.” Ecosphere 14(6): e4573. https://doi.org/10.1002/ecs2.4573","FJ801264.1",NA,"multi_bayes_data_1_genbank",6474,"https://data.mendeley.com/datasets/6rshgjfr8w/1",0,NA,NA,NA,"P. infestans",NA,NA,NA,NA,NA,NA,NA,NA,NA,NA,NA,NA,NA,NA,NA
NA,"phytophthora infestans",47241,NA,NA,NA,NA,NA,NA,NA,NA,NA,NA,"2009",NA,NA,NA,NA,NA,NA,NA,NA,NA,NA,NA,NA,NA,NA,NA,NA,NA,"Russia","Russia",NA,NA,NA,NA,NA,NA,NA,NA,"Marcot, Bruce G., Peter Scott, and Treena I. Burgess. 2023. “ Multivariate Bayesian Analysis to Predict Invasiveness of Phytophthora Pathogens.” Ecosphere 14(6): e4573. https://doi.org/10.1002/ecs2.4573","FJ801265.1",NA,"multi_bayes_data_1_genbank",6475,"https://data.mendeley.com/datasets/6rshgjfr8w/1",0,NA,NA,NA,"P. infestans",NA,NA,NA,NA,NA,NA,NA,NA,NA,NA,NA,NA,NA,NA,NA
NA,"phytophthora infestans",47252,NA,NA,NA,NA,NA,NA,NA,NA,NA,NA,"2009",NA,NA,NA,NA,NA,NA,NA,NA,NA,NA,NA,NA,NA,NA,NA,NA,NA,"Russia","Russia",NA,NA,NA,NA,NA,NA,NA,NA,"Marcot, Bruce G., Peter Scott, and Treena I. Burgess. 2023. “ Multivariate Bayesian Analysis to Predict Invasiveness of Phytophthora Pathogens.” Ecosphere 14(6): e4573. https://doi.org/10.1002/ecs2.4573","FJ801654.1",NA,"multi_bayes_data_1_genbank",6486,"https://data.mendeley.com/datasets/6rshgjfr8w/1",0,NA,NA,NA,"P. infestans",NA,NA,NA,NA,NA,NA,NA,NA,NA,NA,NA,NA,NA,NA,NA
NA,"phytophthora infestans",47297,NA,NA,NA,NA,NA,NA,NA,NA,NA,NA,"2009",NA,NA,NA,NA,NA,NA,NA,NA,NA,NA,NA,NA,NA,NA,NA,NA,NA,"Russia","Russia",NA,NA,NA,NA,NA,NA,NA,NA,"Marcot, Bruce G., Peter Scott, and Treena I. Burgess. 2023. “ Multivariate Bayesian Analysis to Predict Invasiveness of Phytophthora Pathogens.” Ecosphere 14(6): e4573. https://doi.org/10.1002/ecs2.4573","FJ801703.1",NA,"multi_bayes_data_1_genbank",6531,"https://data.mendeley.com/datasets/6rshgjfr8w/1",0,NA,NA,NA,"P. infestans",NA,NA,NA,NA,NA,NA,NA,NA,NA,NA,NA,NA,NA,NA,NA
NA,"phytophthora infestans",47275,NA,NA,NA,NA,NA,NA,NA,NA,NA,NA,"2009",NA,NA,NA,NA,NA,NA,NA,NA,NA,NA,NA,NA,NA,NA,NA,NA,NA,"Russia","Russia",NA,NA,NA,NA,NA,NA,NA,NA,"Marcot, Bruce G., Peter Scott, and Treena I. Burgess. 2023. “ Multivariate Bayesian Analysis to Predict Invasiveness of Phytophthora Pathogens.” Ecosphere 14(6): e4573. https://doi.org/10.1002/ecs2.4573","FJ801677.1",NA,"multi_bayes_data_1_genbank",6509,"https://data.mendeley.com/datasets/6rshgjfr8w/1",0,NA,NA,NA,"P. infestans",NA,NA,NA,NA,NA,NA,NA,NA,NA,NA,NA,NA,NA,NA,NA
NA,"phytophthora infestans",47282,NA,NA,NA,NA,NA,NA,NA,NA,NA,NA,"2009",NA,NA,NA,NA,NA,NA,NA,NA,NA,NA,NA,NA,NA,NA,NA,NA,NA,"Russia","Russia",NA,NA,NA,NA,NA,NA,NA,NA,"Marcot, Bruce G., Peter Scott, and Treena I. Burgess. 2023. “ Multivariate Bayesian Analysis to Predict Invasiveness of Phytophthora Pathogens.” Ecosphere 14(6): e4573. https://doi.org/10.1002/ecs2.4573","FJ801684.1",NA,"multi_bayes_data_1_genbank",6516,"https://data.mendeley.com/datasets/6rshgjfr8w/1",0,NA,NA,NA,"P. infestans",NA,NA,NA,NA,NA,NA,NA,NA,NA,NA,NA,NA,NA,NA,NA
NA,"phytophthora infestans",47272,NA,NA,NA,NA,NA,NA,NA,NA,NA,NA,"2009",NA,NA,NA,NA,NA,NA,NA,NA,NA,NA,NA,NA,NA,NA,NA,NA,NA,"Russia","Russia",NA,NA,NA,NA,NA,NA,NA,NA,"Marcot, Bruce G., Peter Scott, and Treena I. Burgess. 2023. “ Multivariate Bayesian Analysis to Predict Invasiveness of Phytophthora Pathogens.” Ecosphere 14(6): e4573. https://doi.org/10.1002/ecs2.4573","FJ801674.1",NA,"multi_bayes_data_1_genbank",6506,"https://data.mendeley.com/datasets/6rshgjfr8w/1",0,NA,NA,NA,"P. infestans",NA,NA,NA,NA,NA,NA,NA,NA,NA,NA,NA,NA,NA,NA,NA
NA,"phytophthora infestans",47286,NA,NA,NA,NA,NA,NA,NA,NA,NA,NA,"2009",NA,NA,NA,NA,NA,NA,NA,NA,NA,NA,NA,NA,NA,NA,NA,NA,NA,"Russia","Russia",NA,NA,NA,NA,NA,NA,NA,NA,"Marcot, Bruce G., Peter Scott, and Treena I. Burgess. 2023. “ Multivariate Bayesian Analysis to Predict Invasiveness of Phytophthora Pathogens.” Ecosphere 14(6): e4573. https://doi.org/10.1002/ecs2.4573","FJ801688.1",NA,"multi_bayes_data_1_genbank",6520,"https://data.mendeley.com/datasets/6rshgjfr8w/1",0,NA,NA,NA,"P. infestans",NA,NA,NA,NA,NA,NA,NA,NA,NA,NA,NA,NA,NA,NA,NA
NA,"phytophthora infestans",47243,NA,NA,NA,NA,NA,NA,NA,NA,NA,NA,"2009",NA,NA,NA,NA,NA,NA,NA,NA,NA,NA,NA,NA,NA,NA,NA,NA,NA,"Russia","Russia",NA,NA,NA,NA,NA,NA,NA,NA,"Marcot, Bruce G., Peter Scott, and Treena I. Burgess. 2023. “ Multivariate Bayesian Analysis to Predict Invasiveness of Phytophthora Pathogens.” Ecosphere 14(6): e4573. https://doi.org/10.1002/ecs2.4573","FJ801645.1",NA,"multi_bayes_data_1_genbank",6477,"https://data.mendeley.com/datasets/6rshgjfr8w/1",0,NA,NA,NA,"P. infestans",NA,NA,NA,NA,NA,NA,NA,NA,NA,NA,NA,NA,NA,NA,NA
NA,"phytophthora infestans",47242,NA,NA,NA,NA,NA,NA,NA,NA,NA,NA,"2009",NA,NA,NA,NA,NA,NA,NA,NA,NA,NA,NA,NA,NA,NA,NA,NA,NA,"Russia","Russia",NA,NA,NA,NA,NA,NA,NA,NA,"Marcot, Bruce G., Peter Scott, and Treena I. Burgess. 2023. “ Multivariate Bayesian Analysis to Predict Invasiveness of Phytophthora Pathogens.” Ecosphere 14(6): e4573. https://doi.org/10.1002/ecs2.4573","FJ801266.1",NA,"multi_bayes_data_1_genbank",6476,"https://data.mendeley.com/datasets/6rshgjfr8w/1",0,NA,NA,NA,"P. infestans",NA,NA,NA,NA,NA,NA,NA,NA,NA,NA,NA,NA,NA,NA,NA
NA,"phytophthora infestans",47283,NA,NA,NA,NA,NA,NA,NA,NA,NA,NA,"2009",NA,NA,NA,NA,NA,NA,NA,NA,NA,NA,NA,NA,NA,NA,NA,NA,NA,"Russia","Russia",NA,NA,NA,NA,NA,NA,NA,NA,"Marcot, Bruce G., Peter Scott, and Treena I. Burgess. 2023. “ Multivariate Bayesian Analysis to Predict Invasiveness of Phytophthora Pathogens.” Ecosphere 14(6): e4573. https://doi.org/10.1002/ecs2.4573","FJ801685.1",NA,"multi_bayes_data_1_genbank",6517,"https://data.mendeley.com/datasets/6rshgjfr8w/1",0,NA,NA,NA,"P. infestans",NA,NA,NA,NA,NA,NA,NA,NA,NA,NA,NA,NA,NA,NA,NA
NA,"phytophthora infestans",47271,NA,NA,NA,NA,NA,NA,NA,NA,NA,NA,"2009",NA,NA,NA,NA,NA,NA,NA,NA,NA,NA,NA,NA,NA,NA,NA,NA,NA,"Russia","Russia",NA,NA,NA,NA,NA,NA,NA,NA,"Marcot, Bruce G., Peter Scott, and Treena I. Burgess. 2023. “ Multivariate Bayesian Analysis to Predict Invasiveness of Phytophthora Pathogens.” Ecosphere 14(6): e4573. https://doi.org/10.1002/ecs2.4573","FJ801673.1",NA,"multi_bayes_data_1_genbank",6505,"https://data.mendeley.com/datasets/6rshgjfr8w/1",0,NA,NA,NA,"P. infestans",NA,NA,NA,NA,NA,NA,NA,NA,NA,NA,NA,NA,NA,NA,NA
NA,"phytophthora infestans",47250,NA,NA,NA,NA,NA,NA,NA,NA,NA,NA,"2009",NA,NA,NA,NA,NA,NA,NA,NA,NA,NA,NA,NA,NA,NA,NA,NA,NA,"Russia","Russia",NA,NA,NA,NA,NA,NA,NA,NA,"Marcot, Bruce G., Peter Scott, and Treena I. Burgess. 2023. “ Multivariate Bayesian Analysis to Predict Invasiveness of Phytophthora Pathogens.” Ecosphere 14(6): e4573. https://doi.org/10.1002/ecs2.4573","FJ801652.1",NA,"multi_bayes_data_1_genbank",6484,"https://data.mendeley.com/datasets/6rshgjfr8w/1",0,NA,NA,NA,"P. infestans",NA,NA,NA,NA,NA,NA,NA,NA,NA,NA,NA,NA,NA,NA,NA
NA,"phytophthora infestans",47302,NA,NA,NA,NA,NA,NA,NA,NA,"2002",NA,"2012",NA,NA,NA,NA,NA,NA,NA,NA,NA,NA,NA,NA,NA,NA,NA,NA,NA,"Russia","Russia",NA,NA,NA,NA,NA,NA,NA,NA,"Marcot, Bruce G., Peter Scott, and Treena I. Burgess. 2023. “ Multivariate Bayesian Analysis to Predict Invasiveness of Phytophthora Pathogens.” Ecosphere 14(6): e4573. https://doi.org/10.1002/ecs2.4573","HQ261588.1",NA,"multi_bayes_data_1_genbank",6536,"https://data.mendeley.com/datasets/6rshgjfr8w/1",0,NA,NA,NA,"P. infestans",NA,NA,NA,NA,NA,NA,NA,NA,NA,NA,NA,NA,NA,NA,NA
NA,"phytophthora infestans",47299,NA,NA,NA,NA,NA,NA,NA,NA,NA,NA,"2009",NA,NA,NA,NA,NA,NA,NA,NA,NA,NA,NA,NA,NA,NA,NA,NA,NA,"Russia","Russia",NA,NA,NA,NA,NA,NA,NA,NA,"Marcot, Bruce G., Peter Scott, and Treena I. Burgess. 2023. “ Multivariate Bayesian Analysis to Predict Invasiveness of Phytophthora Pathogens.” Ecosphere 14(6): e4573. https://doi.org/10.1002/ecs2.4573","FJ801705.1",NA,"multi_bayes_data_1_genbank",6533,"https://data.mendeley.com/datasets/6rshgjfr8w/1",0,NA,NA,NA,"P. infestans",NA,NA,NA,NA,NA,NA,NA,NA,NA,NA,NA,NA,NA,NA,NA
NA,"phytophthora infestans",47295,NA,NA,NA,NA,NA,NA,NA,NA,NA,NA,"2009",NA,NA,NA,NA,NA,NA,NA,NA,NA,NA,NA,NA,NA,NA,NA,NA,NA,"Russia","Russia",NA,NA,NA,NA,NA,NA,NA,NA,"Marcot, Bruce G., Peter Scott, and Treena I. Burgess. 2023. “ Multivariate Bayesian Analysis to Predict Invasiveness of Phytophthora Pathogens.” Ecosphere 14(6): e4573. https://doi.org/10.1002/ecs2.4573","FJ801701.1",NA,"multi_bayes_data_1_genbank",6529,"https://data.mendeley.com/datasets/6rshgjfr8w/1",0,NA,NA,NA,"P. infestans",NA,NA,NA,NA,NA,NA,NA,NA,NA,NA,NA,NA,NA,NA,NA
NA,"phytophthora infestans",47288,NA,NA,NA,NA,NA,NA,NA,NA,NA,NA,"2009",NA,NA,NA,NA,NA,NA,NA,NA,NA,NA,NA,NA,NA,NA,NA,NA,NA,"Russia","Russia",NA,NA,NA,NA,NA,NA,NA,NA,"Marcot, Bruce G., Peter Scott, and Treena I. Burgess. 2023. “ Multivariate Bayesian Analysis to Predict Invasiveness of Phytophthora Pathogens.” Ecosphere 14(6): e4573. https://doi.org/10.1002/ecs2.4573","FJ801690.1",NA,"multi_bayes_data_1_genbank",6522,"https://data.mendeley.com/datasets/6rshgjfr8w/1",0,NA,NA,NA,"P. infestans",NA,NA,NA,NA,NA,NA,NA,NA,NA,NA,NA,NA,NA,NA,NA
NA,"phytophthora infestans",47246,NA,NA,NA,NA,NA,NA,NA,NA,NA,NA,"2009",NA,NA,NA,NA,NA,NA,NA,NA,NA,NA,NA,NA,NA,NA,NA,NA,NA,"Russia","Russia",NA,NA,NA,NA,NA,NA,NA,NA,"Marcot, Bruce G., Peter Scott, and Treena I. Burgess. 2023. “ Multivariate Bayesian Analysis to Predict Invasiveness of Phytophthora Pathogens.” Ecosphere 14(6): e4573. https://doi.org/10.1002/ecs2.4573","FJ801648.1",NA,"multi_bayes_data_1_genbank",6480,"https://data.mendeley.com/datasets/6rshgjfr8w/1",0,NA,NA,NA,"P. infestans",NA,NA,NA,NA,NA,NA,NA,NA,NA,NA,NA,NA,NA,NA,NA
NA,"phytophthora infestans",47257,NA,NA,NA,NA,NA,NA,NA,NA,NA,NA,"2009",NA,NA,NA,NA,NA,NA,NA,NA,NA,NA,NA,NA,NA,NA,NA,NA,NA,"Russia","Russia",NA,NA,NA,NA,NA,NA,NA,NA,"Marcot, Bruce G., Peter Scott, and Treena I. Burgess. 2023. “ Multivariate Bayesian Analysis to Predict Invasiveness of Phytophthora Pathogens.” Ecosphere 14(6): e4573. https://doi.org/10.1002/ecs2.4573","FJ801659.1",NA,"multi_bayes_data_1_genbank",6491,"https://data.mendeley.com/datasets/6rshgjfr8w/1",0,NA,NA,NA,"P. infestans",NA,NA,NA,NA,NA,NA,NA,NA,NA,NA,NA,NA,NA,NA,NA
NA,"phytophthora infestans",47245,NA,NA,NA,NA,NA,NA,NA,NA,NA,NA,"2009",NA,NA,NA,NA,NA,NA,NA,NA,NA,NA,NA,NA,NA,NA,NA,NA,NA,"Russia","Russia",NA,NA,NA,NA,NA,NA,NA,NA,"Marcot, Bruce G., Peter Scott, and Treena I. Burgess. 2023. “ Multivariate Bayesian Analysis to Predict Invasiveness of Phytophthora Pathogens.” Ecosphere 14(6): e4573. https://doi.org/10.1002/ecs2.4573","FJ801647.1",NA,"multi_bayes_data_1_genbank",6479,"https://data.mendeley.com/datasets/6rshgjfr8w/1",0,NA,NA,NA,"P. infestans",NA,NA,NA,NA,NA,NA,NA,NA,NA,NA,NA,NA,NA,NA,NA
